"","baseMean","log2FoldChange","lfcSE","stat","pvalue","padj"
"ENSG00000168530",0.985381180002467,2.8980861062417,3.06303951649484,0.946147149142267,0.344073538243645,NA
"ENSG00000229404",2.25188159513316,2.03285628386438,2.09285103791332,0.971333480996926,0.331382241336021,NA
"ENSG00000250623",1.54295972832381,2.83451645579936,2.59196608751847,1.09357775529891,0.274140209749157,NA
"ENSG00000203690",2.00512399747621,3.88993857476003,2.87229122098477,1.35429811097858,0.1756412885878,NA
"ENSG00000230051",3.32182028550422,3.31662021447601,2.05754773395006,1.61192868566349,0.106977459135948,NA
"ENSG00000229228",1.75169918327841,2.98918791683201,2.93436796556524,1.01868203030775,0.308353946351148,NA
"ENSG00000231292",1.59457875811101,2.87584841943037,3.02448454720493,0.950855715922926,0.34167762459509,NA
"ENSG00000206702",2.01579333657302,2.52079302636309,2.86082905768546,0.881140737714167,0.378241650261596,NA
"ENSG00000287492",1.90245953980508,3.82079704095643,2.6273032081816,1.45426573874618,0.145872645368049,NA
"ENSG00000249460",2.08006284820827,3.94028214895633,2.50079189180773,1.57561377332683,0.115114839981213,NA
"ENSG00000285294",2.77655246551481,2.00280375966434,2.08298050909035,0.961508641546999,0.336296482572599,NA
"ENSG00000254395",2.82260894182256,2.37341778482929,2.41191669430481,0.984038043450496,0.3250968079016,NA
"ENSG00000233999",1.91780041196046,2.48573297160277,2.7244025096746,0.912395640062621,NA,NA
"ENSG00000236627",2.42697320891308,4.16511163755501,3.04158619097367,1.36938800219292,NA,NA
"ENSG00000232529",3.13472800760312,3.89564753919265,2.48843726382228,1.56549959921789,NA,NA
"ENSG00000285336",4.07174165698282,3.63422267565022,1.90454807244582,1.90818112088037,0.0563678108360161,NA
"ENSG00000258551",3.97018521961974,2.09484663105342,1.76400953183357,1.18754836255106,0.235011392093753,NA
"ENSG00000254750",3.00901347462798,4.46890095852667,2.64258720727767,1.69110822387217,0.0908161348168084,NA
"ENSG00000230936",3.23629177236266,3.9423380657384,2.35453260788487,1.6743612097519,0.0940596314904364,NA
"ENSG00000229563",5.23754259353562,3.37335163407388,2.1991279096294,1.53394971675039,NA,NA
"ENSG00000287668",1.68057874078387,3.64668080532057,3.04820633414678,1.19633660112491,0.231565231075679,NA
"ENSG00000269506",3.05732889877832,3.85151429569269,2.91599794777603,1.32082201862665,NA,NA
"ENSG00000253132",1.36255224503468,3.35921176524983,3.05302753367862,1.10028872265108,NA,NA
"ENSG00000233977",4.72219209723452,2.29550969671304,2.05519440494574,1.11693068606502,0.264023962936364,NA
"ENSG00000287849",4.06511846609755,4.27126379291614,2.31744445815904,1.84309219488661,0.065315550732476,NA
"ENSG00000288545",3.08970592671226,3.22911167892548,2.02133098000952,1.59751753219073,0.110150392789626,NA
"ENSG00000220891",2.22968733838247,2.70813898551911,2.64682236204172,1.02316612718584,NA,NA
"ENSG00000134757",5.49103189919943,3.64851557756412,2.1137678832865,1.72607200933122,0.0843344587453407,0.150288330328235
"ENSG00000108759",2.42284059286336,3.52400760880678,2.10741198596816,1.67219681404053,0.0944855185348599,NA
"ENSG00000242076",2.52684877631369,2.90026898912612,2.52149133177569,1.15021969442333,0.250053396605059,NA
"ENSG00000184344",4.10977784658826,3.65932190640855,2.33321681995175,1.56835913195767,0.116797343077223,NA
"ENSG00000242207",4.47593126466257,4.42482020757225,2.51397341792005,1.76009029213727,0.0783924985136465,NA
"ENSG00000286481",3.67657374247286,2.501729154721,1.7063692453662,1.46611242643682,0.142617660919299,NA
"ENSG00000215117",6.20830506859163,2.9976610425405,1.89938463689736,1.57822748710717,0.11451335767022,0.177847561074421
"ENSG00000257927",5.31426976106669,3.13761809339469,2.07139128126008,1.5147394515854,0.129838399329047,0.194114508534419
"ENSG00000243063",2.14118409088527,3.32160794678678,2.60417765705041,1.27549206859756,0.202135129679149,NA
"ENSG00000227255",1.77047036804066,3.72598511056416,2.91332386264727,1.27894641523941,0.20091592615134,NA
"ENSG00000253239",2.58869587392639,2.45186764033174,3.01038875610421,0.814468774293706,NA,NA
"ENSG00000239975",2.68857424829614,3.6619193515675,2.43770186015208,1.5022014838759,0.133045081731246,NA
"ENSG00000256325",5.28486880379652,3.03371960582723,2.12203061173438,1.42963046294026,0.152823107598531,0.21565900463143
"ENSG00000211794",6.98469167131659,3.47519209330788,1.7939022880527,1.93722485134919,0.0527178637120356,0.106974935123693
"ENSG00000220913",4.15584448710165,4.31866429605236,2.58285905258984,1.67204799337464,NA,NA
"ENSG00000236081",6.98492301192677,2.88306820064688,1.77058334181644,1.62831544415703,0.103458016365303,0.166914368674074
"ENSG00000233215",4.32723675496249,3.75198596021451,2.40178617705516,1.56216485716261,NA,NA
"ENSG00000287417",3.47058517045048,2.33501405978378,1.94381540543971,1.20125298587989,0.229653081457763,NA
"ENSG00000196406",5.07104773591472,4.59947866714087,2.52927923646522,1.81849382259938,NA,NA
"ENSG00000186847",5.43951968939669,4.08409376703247,1.88759441052649,2.16365006394214,NA,NA
"ENSG00000109132",3.16539510582465,3.91853372463495,2.60146443286247,1.50627995337352,0.131995322066077,NA
"ENSG00000204528",6.85074258597598,2.64347271345571,2.10544557736551,1.2555407472291,0.209282525786309,0.269289299988425
"ENSG00000099399",6.56653669381685,3.76589049987555,2.21276681278927,1.70189216419443,NA,NA
"ENSG00000286580",3.7100586443545,2.41388906041595,2.01646024338586,1.19709231477967,0.231270575111812,NA
"ENSG00000243955",5.99395145298239,3.09779302848218,1.59855391840847,1.93787209352711,0.0526388293921261,0.106974935123693
"ENSG00000112499",8.43062231260806,3.00795682315216,1.80256563962362,1.66870862121849,0.0951751397471684,0.157477115784581
"ENSG00000232325",8.36526245957459,2.91180567266862,1.89711285739626,1.53486159841065,NA,NA
"ENSG00000144010",5.40248806485217,4.70286530090258,2.34560251139936,2.00497112279135,NA,NA
"ENSG00000232370",3.10810809887781,2.54387427452787,2.49816191499035,1.018298397419,NA,NA
"ENSG00000278857",3.62886383741825,2.37188348834159,2.08209071969196,1.13918354561059,0.254626607053527,NA
"ENSG00000143196",8.71736791303829,2.06366913122766,1.39666353968036,1.47757070518211,0.139522720258123,0.203074954092975
"ENSG00000234261",7.62815545189066,3.61297328761951,2.01520511141351,1.792856353508,NA,NA
"ENSG00000227017",6.92595851129254,2.05608796158472,1.33974285870992,1.53468850251203,0.124860361380239,0.188647719911448
"ENSG00000261399",6.36430784149473,2.44460180011552,1.58866915615305,1.53877337559389,0.123859631851289,0.188158347839663
"ENSG00000224141",5.76136191710202,4.18459382214511,2.13825927332389,1.95700955181185,0.0503463453537134,0.105012444495331
"ENSG00000250102",5.91941175503875,4.83952690969663,2.68070665661358,1.80531760077404,NA,NA
"ENSG00000236212",3.74766224627189,3.52573068750492,1.84758316885029,1.90829335693663,0.0563533111315555,NA
"ENSG00000258712",4.84922472533171,5.16074574576616,2.699018543449,1.9120823598238,NA,NA
"ENSG00000278097",3.25770721827493,2.77992290929279,2.6814905736573,1.03670806699918,NA,NA
"ENSG00000251363",3.6908301453694,2.83066488052903,2.22318544971713,1.27324730417303,NA,NA
"ENSG00000158485",11.0919573472411,3.06524035411036,2.1002786832312,1.45944458637013,NA,NA
"ENSG00000144015",7.12323575849467,4.50918721661555,2.65347018207136,1.69935477213299,NA,NA
"ENSG00000231171",5.50537925493396,4.12006652474591,2.16694662416716,1.90132349306454,0.0572596537244071,0.114137541827935
"ENSG00000278473",2.13269047048907,3.99685159320616,3.04348246532287,1.31324942356195,NA,NA
"ENSG00000229735",2.81465817233368,3.73815866729329,2.67680887748922,1.39649815820978,NA,NA
"ENSG00000211655",2.67963495135504,3.67422090097314,2.97357740879219,1.23562308824021,NA,NA
"ENSG00000273367",11.1020704889279,2.18154782014542,1.26897562470254,1.71914083901871,0.0855887301053723,0.151355694677975
"ENSG00000262267",6.84133474311123,3.37878971702393,1.81382363160442,1.86279947959174,0.0624904832950668,0.120641349694643
"ENSG00000275216",7.3649891346397,4.54918574336192,2.17127150355486,2.09517130212131,NA,NA
"ENSG00000280693",9.43030096623676,3.53762226546987,1.91987843713427,1.8426282607509,0.0653833047903276,0.123889804920186
"ENSG00000171346",12.4947802080733,2.61789804513467,1.50227065521057,1.74262742605974,0.0813987161077066,0.148225084572115
"ENSG00000256915",7.61541274621937,4.60675748155553,2.13293410007058,2.15982175980172,NA,NA
"ENSG00000226806",6.85026751230951,5.05400728567698,2.24599350845129,2.25023236561442,0.024434198758073,0.0632328686674541
"ENSG00000233515",6.79418325375942,5.04160258279407,2.25984384866602,2.23095174729444,NA,NA
"ENSG00000259527",5.65257203932366,5.38314585600923,2.8679475524555,1.87700289407324,NA,NA
"ENSG00000243944",8.48483738756901,4.22687552538997,2.14330835112201,1.97212665325417,NA,NA
"ENSG00000251039",5.14223279351571,4.62938221666274,2.23009369086337,2.07586893574435,0.0379060744777857,0.0849829734260033
"ENSG00000251320",5.67368239410908,5.38804618125888,2.61599120456535,2.05965760582674,NA,NA
"ENSG00000251623",12.2655214529699,2.70378226603182,1.36612843866101,1.97915670995174,0.0477983651935823,0.103812074404812
"ENSG00000285675",13.5454414243088,2.39764873927703,1.65119221830187,1.45207124446289,NA,NA
"ENSG00000211685",4.37397956184275,2.7446741013226,2.04640043509573,1.34122044456769,NA,NA
"ENSG00000083782",10.0432375767204,3.67838999598244,1.82873070281152,2.01144432601652,NA,NA
"ENSG00000095917",10.5404350465484,3.15247279512089,1.41360546665419,2.23009380586392,0.025741215959727,0.0641456238899686
"ENSG00000173237",4.38454203683871,2.72265101981816,2.05451337130074,1.32520481874227,0.18510322755663,NA
"ENSG00000258274",12.865413225833,2.08953015772273,1.40744263830101,1.48462900075636,NA,NA
"ENSG00000166391",4.64265786857866,3.29360091556447,1.98887135759701,1.65601505747655,0.0977187695493112,NA
"ENSG00000250993",6.19091223354496,5.51463511197984,2.83965294945967,1.94201024214215,NA,NA
"ENSG00000255733",6.14377259405087,4.2880271754149,1.98737215066019,2.15763674357139,NA,NA
"ENSG00000188646",4.74517752400157,5.13597241577398,2.4369573501776,2.10753479760312,0.0350712486727142,NA
"ENSG00000266088",12.3681443528711,3.02027638505193,1.52873414163416,1.97567144135563,0.0481920014592253,0.103855631051664
"ENSG00000286452",9.83816811301781,2.97421231528404,1.61487395477721,1.84176127584791,0.0655100767024006,0.123889804920186
"ENSG00000163209",2.6441404348273,4.30449910574117,2.94224967683359,1.46299586321091,NA,NA
"ENSG00000231107",14.7318188032168,2.31568213998078,1.37771664863574,1.68081161120746,0.092799512591892,0.157306490856988
"ENSG00000211647",4.28641216273262,4.99023040201244,2.44241361338733,2.04315533399422,0.0410370637300925,NA
"ENSG00000227182",5.54736733465847,5.35874778478049,2.87043819625593,1.86687446946957,NA,NA
"ENSG00000256678",8.75979474751641,3.25516746649595,2.26982287783722,1.43410637820234,NA,NA
"ENSG00000264015",9.83522857823599,3.52145721132392,2.06636446580154,1.70418010452864,0.0883474449274289,0.153677532257471
"ENSG00000241825",11.2189708967131,2.63201130415407,1.82973926570354,1.43846249216391,NA,NA
"ENSG00000287951",9.12526107565208,2.99797559937155,1.50590228721824,1.99081681780929,0.0465010297429139,0.101789655657717
"ENSG00000285576",9.05297057453027,2.68166284053028,1.60973409777794,1.66590422867479,0.0957324912503391,0.157477115784581
"ENSG00000250041",17.9698352324613,2.46944453915267,1.42249094797106,1.73600017819087,NA,NA
"ENSG00000211747",16.9604085846888,2.39049387771096,1.47493375867692,1.62074660210866,0.105071994668931,0.166914368674074
"ENSG00000167749",7.2628300217261,2.08416654650845,1.75494341222116,1.18759757835759,NA,NA
"ENSG00000258602",17.9656406783386,2.69466361894801,1.90175169203961,1.41693767394943,NA,NA
"ENSG00000234710",5.33467706854577,3.45780730297474,1.86387007404888,1.85517614726404,0.0635710766967695,0.121881098770358
"ENSG00000251546",6.40492371630696,2.69852052992056,1.78167877513469,1.5145943071116,0.129875174774827,0.194114508534419
"ENSG00000253497",5.06983923662589,3.33669464936969,2.47393769417304,1.34873835231531,0.177421022113037,0.238275575591422
"ENSG00000202111",9.89530644831631,4.47486018619578,1.72944525490207,2.58745408304304,0.00966880812521294,0.0344606238308871
"ENSG00000286540",13.215356090148,2.88855035114095,1.33977212083388,2.15600123798897,0.0310835684877618,0.0744933796517051
"ENSG00000258451",16.204020678516,2.51593416734081,1.82158739425156,1.38117675565851,NA,NA
"ENSG00000186910",4.06465417134639,4.28892117326586,2.77888378978347,1.54339709671704,NA,NA
"ENSG00000228358",21.8886253541131,2.42449187879324,1.47682268627785,1.64169463356761,NA,NA
"ENSG00000163646",8.65058419886755,5.39673952769024,2.42496429917833,2.22549236272008,NA,NA
"ENSG00000228509",19.458874041024,2.87623288785743,1.37086990620431,2.09810783272732,NA,NA
"ENSG00000152611",9.30320682827654,2.01032019958167,1.45171496194147,1.38478988801847,NA,NA
"ENSG00000232211",13.3452396181573,3.57203368670468,2.10980399577796,1.69306423433308,NA,NA
"ENSG00000214819",3.85069112727192,4.84242223059559,2.99840771798827,1.61499792091134,NA,NA
"ENSG00000227496",17.7939424645456,3.46406426590355,1.65109573218209,2.09803962204266,NA,NA
"ENSG00000261036",13.5715688351564,4.86421659739067,2.02454964924931,2.40261660127441,NA,NA
"ENSG00000242371",7.17057509122352,3.12107941794275,1.79778145836348,1.73607275980245,0.0825509701972784,0.149020582563918
"ENSG00000264151",8.47519638460237,2.43116754444269,1.93340719959279,1.25745241093275,NA,NA
"ENSG00000213355",16.281738098417,4.23460402271507,1.797289154526,2.35610614577589,0.0184676397929361,0.0498446976935556
"ENSG00000147378",17.1334299643381,2.94720727590546,1.45496821338418,2.02561626349927,0.042804123608522,0.0951963709053529
"ENSG00000250387",7.57807783627601,2.90510836346647,1.80764892165115,1.60711979448579,0.108028091856222,0.169928766046501
"ENSG00000236069",20.6200737272261,3.24852062946707,1.93508999442492,1.67874395445494,NA,NA
"ENSG00000236039",26.1895540285533,2.53234455172982,1.38174057087703,1.83272070394695,NA,NA
"ENSG00000137090",9.29264088808781,2.70573722725604,1.52134892858053,1.77851193531295,NA,NA
"ENSG00000261706",15.3493208877075,4.63731677282817,2.19201556940655,2.11554919479136,NA,NA
"ENSG00000251511",13.8219074121339,4.86176645586594,2.30181023028983,2.11214912154326,0.0346736608662293,0.081002333788334
"ENSG00000259828",24.1574183978593,2.41466763743908,1.39637993032652,1.72923398925853,0.0837672254351806,0.15024057207084
"ENSG00000146276",30.212057393101,2.69761107374724,1.88920518835353,1.42790793206441,NA,NA
"ENSG00000134160",22.6397293831584,2.62749995709765,1.43679076299395,1.82872831923177,0.0674403178607893,0.12560140711109
"ENSG00000181617",8.33480590103794,3.3499518947834,2.2251632257238,1.50548591494618,NA,NA
"ENSG00000172482",27.2580465798904,2.18435731538101,1.33019442667492,1.64213386522844,NA,NA
"ENSG00000118231",17.357858573968,3.85296935916369,1.2914515243048,2.98344094737724,0.00285027031722125,0.0171300403772772
"ENSG00000240476",28.4300186430266,3.20762092765153,1.72942465125817,1.85473297452881,NA,NA
"ENSG00000099937",34.6660779585591,2.73587036480367,1.24486189480986,2.19773002628661,0.0279683504890906,0.0676104472692799
"ENSG00000120937",15.6289912422945,4.14546222851284,1.64932618363435,2.51342776804657,NA,NA
"ENSG00000163825",6.30946271543411,4.94666907095588,2.45933226039172,2.01138705437385,NA,NA
"ENSG00000226690",10.7928838395676,2.92298896496074,1.53870036468267,1.89964793149545,0.0574793376111903,0.114137541827935
"ENSG00000185640",21.7102472303683,4.39186021186095,1.99870700940538,2.19735068281345,NA,NA
"ENSG00000254092",29.2445359126576,2.2026421171724,1.34905610814739,1.63272832306226,0.102526147823564,0.166679936227782
"ENSG00000211946",11.8332271331353,2.46692611959756,1.59149587135852,1.55006755844849,NA,NA
"ENSG00000271824",43.484191498864,2.48876713045811,1.27377376336949,1.95385334666858,0.0507185632494181,0.105012444495331
"ENSG00000248874",12.0610340119215,2.53537249541721,1.88407110102644,1.34568833099555,NA,NA
"ENSG00000158639",25.2509781091066,3.98629078481678,1.75189740359731,2.27541337559575,NA,NA
"ENSG00000113722",32.8863613847953,2.94359974658277,1.39610646630544,2.10843500665999,NA,NA
"ENSG00000182111",26.9102579225809,2.95253301372142,2.03211270867362,1.45293762551614,NA,NA
"ENSG00000223350",12.4645876516734,2.45135466935446,1.91628585074462,1.27922181776895,NA,NA
"ENSG00000169550",14.2660151468645,20.8070070761741,2.68385609046491,7.75265378426821,NA,NA
"ENSG00000260135",40.8070615932632,2.74595948613445,1.44819510284657,1.89612537753856,0.0579434676074583,0.114243148899811
"ENSG00000163751",31.5009268562556,2.09861357511743,1.40829786145125,1.49017734994982,0.136177610255536,0.20136901942042
"ENSG00000286404",20.3795378122712,3.94124264819558,1.56886885455827,2.51215558059204,0.0119996173503131,0.040191489438398
"ENSG00000064195",35.0801093704103,2.92352966381046,1.37439984884465,2.12713182868001,NA,NA
"ENSG00000171345",49.8792708012806,2.13022587031287,1.28041826419178,1.66369531729344,NA,NA
"ENSG00000287872",29.2405614573809,3.58070446056706,1.38684132974523,2.58191357855253,0.00982541857325624,0.0345755235869017
"ENSG00000267448",15.5782037118344,6.84728056146112,2.34369257972462,2.92157794955585,NA,NA
"ENSG00000224594",45.3423479592616,2.62181149491502,1.41168786510258,1.85721756184716,NA,NA
"ENSG00000288525",20.0348229918188,5.07870819020571,1.75691954013132,2.89068911478218,0.00384398173669087,0.0190826236214297
"ENSG00000259518",21.9047623464187,5.08610223315349,1.64774016118304,3.08671376286767,0.00202382373987354,0.0171300403772772
"ENSG00000172236",39.5854204425156,2.75986099989603,1.16590292143988,2.36714476749714,0.0179259194175442,0.0488569176282087
"ENSG00000214145",16.5075036278471,2.73682540605567,1.29291200548457,2.11679170310584,0.0342775298268769,0.0807555363717948
"ENSG00000143512",45.876858627666,2.08642113079642,1.24788628806673,1.67196414508952,0.0945313925445259,0.157477115784581
"ENSG00000197253",44.0304131545068,2.58999264115678,1.07047388667824,2.41948231842789,0.0155426163360148,0.0476846724831935
"ENSG00000250748",36.326735248337,3.61731247386442,1.64029271757467,2.20528472455389,NA,NA
"ENSG00000233560",27.6820323573512,3.28121332285949,1.42125369601294,2.30867531396,NA,NA
"ENSG00000253998",10.035695155184,4.45066289441291,2.15354721693671,2.06666603797232,NA,NA
"ENSG00000222022",26.6315100264436,5.14954099171465,2.07770525160306,2.47847522536775,NA,NA
"ENSG00000224063",33.6101027152326,2.47901077921129,1.47292257702898,1.68305572734969,0.0923643039209914,0.157306490856988
"ENSG00000145040",58.6252402954342,2.59028477228162,1.4641150100643,1.76918121491552,NA,NA
"ENSG00000229056",36.0073801970396,4.24193916359689,1.63465006218074,2.59501361284497,NA,NA
"ENSG00000214285",31.1918864705965,4.39994781695113,1.48569391464766,2.96154394493472,0.00306100808270698,0.0171300403772772
"ENSG00000248475",14.1485959756703,3.50084583263901,1.69940917097085,2.06003703665964,NA,NA
"ENSG00000179300",32.2768892918096,4.85615351331905,2.08039099625505,2.33425039911281,NA,NA
"ENSG00000223812",47.5108961562746,2.18784853783197,1.25622351740721,1.74160768964713,0.0815771148904088,0.148225084572115
"ENSG00000117322",18.5041189342195,2.63752198752112,1.5815550491311,1.66767637267521,NA,NA
"ENSG00000164458",26.0813542864068,5.31519654563711,1.93085330381974,2.75277077503623,0.0059093256014649,0.0248907957152612
"ENSG00000172116",48.8036905134271,2.25966212293003,1.01395373599169,2.22856531094092,0.0258428412794118,0.0641456238899686
"ENSG00000283787",77.132409642443,2.23304324124895,1.37309105042154,1.62628926942857,0.103888133411981,0.166914368674074
"ENSG00000039537",35.8194052183012,4.17457319624173,1.34828797143156,3.09620295122067,0.00196016149231872,0.0171300403772772
"ENSG00000118156",34.5729914787207,2.11925083786586,1.08594896996243,1.95151972743174,0.0509952518232724,0.105012444495331
"ENSG00000254337",30.9178661867182,6.2247390040266,2.21798465675951,2.80648424913857,NA,NA
"ENSG00000130427",40.0473453993344,2.70308770225608,1.17443579264387,2.30160534887219,0.0213574382262956,0.0560129040274545
"ENSG00000251372",54.4957891506655,2.41040821029785,1.27437537995759,1.89144285758099,NA,NA
"ENSG00000211670",17.2208051537302,3.90965202561353,2.14717627652537,1.82083421298798,NA,NA
"ENSG00000196616",68.5808937605355,2.32836652453002,1.42437773899872,1.63465523279433,NA,NA
"ENSG00000275874",54.4221747867097,3.48844279605336,1.95834064408366,1.78132584164675,NA,NA
"ENSG00000243290",33.6129711237272,2.27989758195908,1.73414109343943,1.31471285155766,0.188606425758079,0.250194179612664
"ENSG00000242766",20.5312548859416,6.07249710017326,2.26226306445414,2.68425772209586,0.0072691047428062,0.0288064572305413
"ENSG00000198573",26.5724959673571,21.1174258444437,2.48464403206804,8.49917556474563,NA,NA
"ENSG00000269404",37.0977565584012,2.20971599531184,1.26082891399805,1.75258988018041,0.0796724295920037,0.146681691566735
"ENSG00000117215",65.6822043787234,3.48781692723791,1.50159710397342,2.32273818190558,NA,NA
"ENSG00000140798",28.7813360088771,2.95757524141347,1.2365297755423,2.39183503698192,NA,NA
"ENSG00000162598",75.5012876480374,2.36294495268442,0.950659285253218,2.48558551874347,0.0129338507088914,0.0418094243845558
"ENSG00000256193",68.7367484008392,2.35014544412652,1.2483183400394,1.88264913583849,0.0597479327913221,0.116971305042166
"ENSG00000225684",93.726341121796,2.44939096385034,1.16848487073702,2.09621110652925,0.0360634681398694,0.0835470345240308
"ENSG00000272763",45.0833975028301,5.39870060989414,1.7434817683902,3.09650534222614,NA,NA
"ENSG00000222032",42.2051246987046,6.21704397820998,1.99324474715616,3.11905699843437,NA,NA
"ENSG00000228314",38.1645443028353,2.03759538428061,1.55710806261756,1.30857673478059,NA,NA
"ENSG00000173077",96.3031896887221,2.42806774995542,1.19091237766697,2.03882988831812,NA,NA
"ENSG00000160183",105.665954118114,2.39066618335325,1.07928703471012,2.21504206616856,0.0267571773038785,0.0658273919511347
"ENSG00000211625",36.8412783822763,2.29031181552329,1.83910103211013,1.24534311902128,NA,NA
"ENSG00000118271",25.8361972207614,3.84776827072151,1.69694167465416,2.26747231692904,NA,NA
"ENSG00000223485",83.4933665862366,3.83739288738591,1.46779459439685,2.61439366382377,NA,NA
"ENSG00000213058",76.1151558248313,2.28457798655293,1.17021849710465,1.95226617268948,0.0509066114042041,0.105012444495331
"ENSG00000178776",67.9399508616601,5.10407077329812,1.61284847848994,3.16463129758903,NA,NA
"ENSG00000287560",111.419669693646,2.09815645643349,1.04855490281358,2.00099818407555,0.0453925855867905,0.100151895183554
"ENSG00000211942",52.6497225042343,5.56984353778321,2.01028651979087,2.77067148535753,NA,NA
"ENSG00000006453",151.284586939885,2.55405546402724,1.33151649028068,1.91815533842082,NA,NA
"ENSG00000046774",71.3254534027314,3.60464619290322,1.82862701656918,1.97123096194114,0.048697463947536,0.104137653672423
"ENSG00000228742",78.3879593254223,5.03434646206379,1.78118719838104,2.82639941867964,NA,NA
"ENSG00000172724",161.240004795696,2.36438208364637,1.56664767133027,1.50919835194261,NA,NA
"ENSG00000110680",38.4515302873765,3.25271949997775,1.58420663637844,2.05321668605908,NA,NA
"ENSG00000233532",148.122494465889,2.94210122580457,1.47089018828911,2.00021813268517,NA,NA
"ENSG00000164794",158.78742572547,2.65663807998711,1.18810310969266,2.23603326875758,0.0253495919923013,0.0640653324896342
"ENSG00000144820",118.260500526838,2.69511539971265,1.58448903100199,1.70093660920349,NA,NA
"ENSG00000233968",114.32992640519,3.9912000460495,1.52724525788281,2.61333274760494,NA,NA
"ENSG00000137745",137.619468742829,3.65380264596457,1.70586941653822,2.1419005526105,0.0322014853954346,0.0765129311105198
"ENSG00000196666",60.3334581617804,2.41206771742859,1.35446507512706,1.78082680884357,NA,NA
"ENSG00000027644",142.822302475866,2.86698908409331,1.25008639060785,2.29343276243431,NA,NA
"ENSG00000128045",101.188560797474,3.29179867462061,1.51066402906031,2.17904087957151,NA,NA
"ENSG00000214897",28.5384370291054,6.57585119536589,2.23836709506521,2.93778943135077,NA,NA
"ENSG00000239819",31.9573687567729,5.65625961060039,2.18683571819883,2.58650412718662,NA,NA
"ENSG00000154478",178.086015722183,2.84095310404207,1.26594348666589,2.24413896352063,0.0248234616959017,0.0633112142335841
"ENSG00000268433",49.0634053094927,3.42933317947078,1.54740895504514,2.21617767448601,NA,NA
"ENSG00000282639",48.4398136934826,3.81005835228273,2.09569955991875,1.81803652830391,NA,NA
"ENSG00000211659",63.821921459529,3.17078672141189,1.51717350102351,2.08993020196623,0.0366240700862485,0.0836086609108528
"ENSG00000105509",204.457578991056,3.09464381752848,1.40445145981764,2.20345373697024,NA,NA
"ENSG00000168333",154.118421639755,2.86137413340206,1.69578753188254,1.68734235840593,0.0915375405283968,0.157082939919101
"ENSG00000230838",182.569890449384,3.64462595042315,1.52169077204094,2.39511602316865,NA,NA
"ENSG00000102970",200.266316508201,3.68898178441581,1.71645916672008,2.14918120741837,NA,NA
"ENSG00000165072",306.182485080058,2.53862212944207,1.2228792991465,2.07593842762232,0.0378996460468754,0.0849829734260033
"ENSG00000231317",71.2124764452338,8.88316644052052,2.11577863522805,4.19853300936798,NA,NA
"ENSG00000180613",145.328916683592,3.57859203777539,1.21263523283834,2.9510869722952,0.00316657738578991,0.0172609512401881
"ENSG00000189320",122.834124359721,3.57275673621445,1.13849883330526,3.13812946636241,0.00170029757874596,0.0171300403772772
"ENSG00000204542",204.392874289499,3.20576866199973,1.77367083162457,1.80742029740854,NA,NA
"ENSG00000224184",275.860452968474,3.39305089494233,1.30751762081741,2.59503263353433,0.00945819382827246,0.0344606238308871
"ENSG00000211669",58.987738698078,5.38397227538962,1.64504976695261,3.27283245987336,NA,NA
"ENSG00000211650",88.1818231507798,3.05447286068471,2.04103476597888,1.49653151999094,NA,NA
"ENSG00000227234",106.992783220088,9.59368543222481,2.56930393923195,3.73396283940338,NA,NA
"ENSG00000131203",242.35126489504,4.12999407624867,1.61229170458025,2.56156752808195,NA,NA
"ENSG00000235207",146.90712118144,5.08637360151591,1.52656705014753,3.33190317518275,NA,NA
"ENSG00000100362",223.829591245633,2.9803910457992,1.28728640803282,2.31525092411542,0.0205992038123516,0.054538844379369
"ENSG00000211663",128.034844514378,2.16513770818241,1.56427615357715,1.38411475699557,NA,NA
"ENSG00000170689",267.267998912732,3.6144988170825,1.44849372657262,2.49534999756955,NA,NA
"ENSG00000155495",125.798890190753,5.42014147003376,1.81951507740822,2.97889340810212,NA,NA
"ENSG00000115648",297.549216173751,3.33000311732716,1.2927313689752,2.57594361616442,NA,NA
"ENSG00000168081",373.426549161399,2.38750652932422,1.24122439331428,1.92350919155656,0.0544161332751226,0.109620906162928
"ENSG00000211638",111.863353510965,2.84961886874003,1.68420342097968,1.69196834137912,NA,NA
"ENSG00000188993",297.730216299276,2.51391685569167,1.30244898849716,1.93014611542858,NA,NA
"ENSG00000211892",139.020491952869,2.64044695875932,1.26386794170953,2.08917947170003,0.0366915706155541,0.0836086609108528
"ENSG00000123500",218.41073439281,5.01713468665441,1.4498092267453,3.46054818392723,NA,NA
"ENSG00000247345",72.8037414271857,5.3980760389611,1.88181021198101,2.86855497148061,NA,NA
"ENSG00000211662",159.825574400372,2.58625848790979,1.55067438608257,1.66782821146829,0.0953498338350111,0.157477115784581
"ENSG00000211639",61.381497685479,8.78320815945746,2.30741531648512,3.80651376312995,NA,NA
"ENSG00000211642",119.40317979738,3.40860720128551,1.77700474447013,1.91817563340378,NA,NA
"ENSG00000211666",233.169423022894,2.05941356838111,1.41247350091036,1.45801925986844,0.144835234373283,0.208622772827838
"ENSG00000140563",517.575834382454,2.78089851513699,1.41067013678067,1.9713315272154,NA,NA
"ENSG00000106341",125.894930245788,4.10868255942259,1.27642657971598,3.21889454882459,NA,NA
"ENSG00000110887",106.98524240542,4.98795762817241,1.41517583503301,3.52462040736871,NA,NA
"ENSG00000123838",210.127023427177,2.50436835949795,1.55588054306956,1.60961480664649,NA,NA
"ENSG00000178602",189.405965498416,3.59806842888722,1.15662030419961,3.11084667615022,0.00186551774388336,0.0171300403772772
"ENSG00000175868",155.264332360589,3.82649487510515,1.6859408352534,2.26964956011047,NA,NA
"ENSG00000197594",786.335910172278,2.53757531636677,1.24688665703981,2.03512909697112,NA,NA
"ENSG00000169248",545.197771541887,3.7389462795072,1.33608208909327,2.79844053747073,0.00513500232900545,0.022659216626405
"ENSG00000047936",368.55369052127,5.92348712993035,1.68026397338067,3.52533127161703,NA,NA
"ENSG00000177508",780.541464331159,2.83943037506073,1.32885157107607,2.13675510257434,NA,NA
"ENSG00000006128",745.79978677802,2.16258633446756,1.18150726801019,1.83036227793133,0.0671957844600013,0.12560140711109
"ENSG00000122133",377.285534037614,7.56298572880001,1.81918726192525,4.15734316476912,NA,NA
"ENSG00000211677",435.809656055425,2.23904021770781,1.43353532029675,1.56190097725971,0.118311318238945,0.181715726355948
"ENSG00000170421",791.604029467624,5.21554287006373,1.49357829588012,3.49197821396459,NA,NA
"ENSG00000239855",239.016542592363,6.15484565736916,1.77941013525238,3.45892469388245,NA,NA
"ENSG00000156234",448.974818939454,4.11047626374918,1.45542500601188,2.82424463422723,0.0047392196989841,0.0213753270107756
"ENSG00000137809",2338.71244622902,2.87618031943733,1.36099963289285,2.11328515447423,NA,NA
"ENSG00000213139",1099.71400018086,2.89522433206054,1.2171672506863,2.37865776492759,0.017375799712815,0.0488269212669648
"ENSG00000132465",1547.62371936829,2.00022166317186,1.53831026378887,1.30027193489907,0.193507783443067,0.25255945444682
"ENSG00000138755",2331.48361714057,4.64105834937285,1.48211752100945,3.13137000513419,NA,NA
"ENSG00000141469",1125.95618296923,3.56337648671603,1.15435181620579,3.08690681358166,0.00202250988863099,0.0171300403772772
"ENSG00000170290",1794.28534155217,2.25986271861769,1.33050500073307,1.69849998111436,0.0894134362483216,0.154390902341822
"ENSG00000129038",4547.0249745125,2.65006246280091,1.438842206321,1.8418020066126,NA,NA
"ENSG00000211897",1132.2886585376,3.37071008004359,1.54723842897263,2.17853306699585,NA,NA
"ENSG00000114270",5056.384020871,2.9787843314571,1.4843587021284,2.00678200436719,NA,NA
"ENSG00000169245",3866.6573228044,4.12135260544014,1.32462068671987,3.11134549441906,0.00186236903922056,0.0171300403772772
"ENSG00000101825",7955.84786763738,2.14046022847346,1.5062183774979,1.42108226831568,NA,NA
"ENSG00000175356",2461.04658652153,2.42653726691474,1.21045236498121,2.00465324957452,NA,NA
"ENSG00000211896",3934.61080844244,2.21827101845683,1.35543293652102,1.6365774791857,0.101718784452748,0.166340129869788
"ENSG00000175782",7041.44416384664,2.89391521315235,1.27983240764527,2.26116731836537,NA,NA
"ENSG00000137441",3137.6873378733,3.16508488811014,1.60736464463716,1.969114412632,NA,NA
"ENSG00000111581",10779.6287067348,2.85031947442144,1.32135108079537,2.15712501836054,NA,NA
"ENSG00000132434",17611.5124804698,2.8978223584477,1.20044735869284,2.4139520466796,0.0157805390951576,0.0476846724831935
"ENSG00000135679",17617.4871330569,2.46230622211508,1.26266923871856,1.95008015291003,NA,NA
"ENSG00000132432",21602.9165025471,2.69891338041073,1.13635693647689,2.37505777786539,0.0175462034005708,0.0488269212669648
"ENSG00000163359",22103.4013006618,3.71826659892604,1.4580850764144,2.55010263740554,NA,NA
"ENSG00000130635",28334.9264685151,3.12422651015658,1.44789289479628,2.15777459878769,NA,NA
"ENSG00000108821",109219.839049264,3.09155051510894,1.47814680118055,2.09150438416523,NA,NA
